point,time,value,quality
WT1.p,2026-09-13T12:00:00+08:00,100.0,GOOD
WT1.q,2026-09-13T12:00:00+08:00,0.0,GOOD
WT1.in_service,2026-09-13T12:00:00+08:00,1,GOOD
WT2.p,2026-09-13T12:00:00+08:00,100.0,GOOD
WT2.q,2026-09-13T12:00:00+08:00,0.0,GOOD
WT2.in_service,2026-09-13T12:00:00+08:00,1,GOOD
PV1.p,2026-09-13T12:00:00+08:00,50.0,GOOD
PV1.q,2026-09-13T12:00:00+08:00,0.0,GOOD
PV1.in_service,2026-09-13T12:00:00+08:00,1,GOOD
ESS1.p,2026-09-13T12:00:00+08:00,20.0,GOOD
ESS1.q,2026-09-13T12:00:00+08:00,0.0,GOOD
ESS1.in_service,2026-09-13T12:00:00+08:00,1,GOOD
SVG1.p,2026-09-13T12:00:00+08:00,0.0,GOOD
SVG1.q,2026-09-13T12:00:00+08:00,300.0,GOOD
SVG1.in_service,2026-09-13T12:00:00+08:00,1,GOOD
LOAD_MAIN.p,2026-09-13T12:00:00+08:00,5000.0,GOOD
LOAD_MAIN.q,2026-09-13T12:00:00+08:00,1000.0,GOOD
LOAD_WIND.p,2026-09-13T12:00:00+08:00,1000.0,GOOD
LOAD_WIND.q,2026-09-13T12:00:00+08:00,200.0,GOOD
PCC.voltage,2026-09-13T12:00:00+08:00,35.35,GOOD
